StartDate,EndDate,Status,Progress,Duration (in seconds),Finished,RecordedDate,ResponseId,DistributionChannel,UserLanguage,QID69,QID3,QID4,DOB1#1_1,DOB1#2_1,DOB1#3_1,QID10,QID11,QID12,QID13,QID14,QID15,QID63,QID72,lifesat3,QID74,QID75,QID76,QID77,QID78,QID79,QID80,QID81,QID16,QID17,QID18,Q16,Q17,Q18,Q19,Q20,Q21,Q22,QID26,QID27,QID28,QID29,QID30,QID31,QID32,QID33,QID34,QID35,QID36,QID37,QID38,QID39,QID40,QID41,QID42,QID43,QID44,QID45,QID46,QID47,QID48,QID49,QID50,QID51,QID52,QID53,QID54,QID83,QID84,QID85,QID86,fas5,QID88,QID101,QID101_5_TEXT,QID89,School contact,School name,School seed code,Local Authority
Start Date,End Date,Response Type,Progress,Duration (in seconds),Finished,Recorded Date,Response ID,Distribution Channel,User Language,"Welcome to the SHINE pupil mental health and wellbeing survey!



This survey is about you and how you feel. The information you give will be combined with answers from other pupils and used to help your school to plan health and wellbeing activities in your school.



Before you start, we wanted to tell you about the survey:



• It is not a test and there are no right or wrong answers.

• Please answer each question as honestly as you can.

• We do not ask your name. Your school will not be able to identify you.

• For each question, select the answer that best fits how you feel.

• If it is difficult for you to choose an answer, select the answer that is true for you most of the time.

• To continue to the next question, click the next button at the bottom of the page. If you need to go back, click the previous button at the bottom of the page.

• If you do not want to answer a question, select the ‘Prefer not to say’ option and continue on to the next question.



Remember that taking part in this survey is up to you. You do not have to take part if you do not want to. If you have any questions, please ask your teacher.



If you are ready to start, please select Yes below and click the 'next page' button at the bottom of the page.",class,gender,"What is your date of birth?(Note, this question is intelligent about month lengths and leap years. Y - Month - Please Select:","What is your date of birth?(Note, this question is intelligent about month lengths and leap years. Y - Day - Please Select:","What is your date of birth?(Note, this question is intelligent about month lengths and leap years. Y - Year - Please Select:",health,Who1,Who2,Who3,Who4,Who5,lifesat1,lifesat2,"How happy are you with the home that you live in?

 


   0 =very unhappy                                                            5 = not happy or unhappy                                          10 =very happy",lifesat4,lifesat5,lifesat6,lifesat7,lifesat8,lifesat9,lifesat10,lifesat11,mm1,mm2,mm3,mm4,mm5,mm6,mm7,mm8,mm9,mm10,mm11,mm12,mm13,mm14,mm15,mm16,Sch1,Sch2,Sch3,sehs1,sehs2,sehs3,sehs4,sehs5,sehs6,sehs7,sehs8,sehs9,sehs10,sehs11,sehs12,sehs13,sehs14,sehs15,sehs16,sehs17,sehs18,sehs19,sesh20,fas1,fas2,fas3,fas4,How many bathrooms (rooms with a bath/shower or both) are in your home?,fas6,postcode - Selected Choice,postcode - My postcode is: - Text,Activity,School contact,School name,School seed code,Local Authority
"{""ImportId"":""startDate"",""timeZone"":""Europe/London""}","{""ImportId"":""endDate"",""timeZone"":""Europe/London""}","{""ImportId"":""status""}","{""ImportId"":""progress""}","{""ImportId"":""duration""}","{""ImportId"":""finished""}","{""ImportId"":""recordedDate"",""timeZone"":""Europe/London""}","{""ImportId"":""_recordId""}","{""ImportId"":""distributionChannel""}","{""ImportId"":""userLanguage""}","{""ImportId"":""QID69""}","{""ImportId"":""QID3""}","{""ImportId"":""QID4""}","{""ImportId"":""QID103#1_1""}","{""ImportId"":""QID103#2_1""}","{""ImportId"":""QID103#3_1""}","{""ImportId"":""QID10""}","{""ImportId"":""QID11""}","{""ImportId"":""QID12""}","{""ImportId"":""QID13""}","{""ImportId"":""QID14""}","{""ImportId"":""QID15""}","{""ImportId"":""QID63""}","{""ImportId"":""QID72""}","{""ImportId"":""QID73""}","{""ImportId"":""QID74""}","{""ImportId"":""QID75""}","{""ImportId"":""QID76""}","{""ImportId"":""QID77""}","{""ImportId"":""QID78""}","{""ImportId"":""QID79""}","{""ImportId"":""QID80""}","{""ImportId"":""QID81""}","{""ImportId"":""QID16""}","{""ImportId"":""QID17""}","{""ImportId"":""QID18""}","{""ImportId"":""QID19""}","{""ImportId"":""QID20""}","{""ImportId"":""QID21""}","{""ImportId"":""QID22""}","{""ImportId"":""QID23""}","{""ImportId"":""QID24""}","{""ImportId"":""QID25""}","{""ImportId"":""QID26""}","{""ImportId"":""QID27""}","{""ImportId"":""QID28""}","{""ImportId"":""QID29""}","{""ImportId"":""QID30""}","{""ImportId"":""QID31""}","{""ImportId"":""QID32""}","{""ImportId"":""QID33""}","{""ImportId"":""QID34""}","{""ImportId"":""QID35""}","{""ImportId"":""QID36""}","{""ImportId"":""QID37""}","{""ImportId"":""QID38""}","{""ImportId"":""QID39""}","{""ImportId"":""QID40""}","{""ImportId"":""QID41""}","{""ImportId"":""QID42""}","{""ImportId"":""QID43""}","{""ImportId"":""QID44""}","{""ImportId"":""QID45""}","{""ImportId"":""QID46""}","{""ImportId"":""QID47""}","{""ImportId"":""QID48""}","{""ImportId"":""QID49""}","{""ImportId"":""QID50""}","{""ImportId"":""QID51""}","{""ImportId"":""QID52""}","{""ImportId"":""QID53""}","{""ImportId"":""QID54""}","{""ImportId"":""QID83""}","{""ImportId"":""QID84""}","{""ImportId"":""QID85""}","{""ImportId"":""QID86""}","{""ImportId"":""QID87""}","{""ImportId"":""QID88""}","{""ImportId"":""QID101""}","{""ImportId"":""QID101_5_TEXT""}","{""ImportId"":""QID89""}","{""ImportId"":""School contact""}","{""ImportId"":""School name""}","{""ImportId"":""School seed code""}","{""ImportId"":""Local Authority""}"
2024-07-18 11:09:14,2024-07-18 11:09:14,Survey Test,100,0,True,2024-07-18 11:09:14,R_3kK7OVvouo1jrVQ,test,,"No, I do not want to take part",,,,,,,,,,,,,,,,,,,,,,,,,,,,,,,,,,,,,,,,,,,,,,,,,,,,,,,,,,,,,,,,,,,,,,,,TestSchoolA,,
2024-07-18 11:09:14,2024-07-18 11:09:14,Survey Test,100,0,True,2024-07-18 11:09:14,R_bwqkLwbT0axhkX4,test,,"No, I do not want to take part",,,,,,,,,,,,,,,,,,,,,,,,,,,,,,,,,,,,,,,,,,,,,,,,,,,,,,,,,,,,,,,,,,,,,,,,TestSchoolA,,
2024-07-18 11:09:14,2024-07-18 11:09:15,Survey Test,100,1,True,2024-07-18 11:09:15,R_3KRAwGgm1aX5I90,test,,"Yes, I am happy to take part",P7,Boy,August,14,2017,Prefer not to say,More than half of the time,More than half of the time,Less than half of the time,Prefer not to say,Most of the time,8,4,9,3,2,6,7,10,1,8,9,Sometimes,"Never ","Always ",Sometimes,"Never ",Sometimes,Sometimes,Prefer not to say,"Always ","Always ",Sometimes,Sometimes,"Never ","Always ","Always ","Never ",I like it a lot,A little,Hardly ever,Prefer not to say,Almost never,Prefer not to say,Prefer not to say,Prefer not to say,Often,Almost never,"Very often ","Very often ",Prefer not to say,Often,Sometimes,Almost never,"Very often ",Prefer not to say,"Very often ","Very often ",Almost never,Sometimes,Prefer not to say,"Yes, one",No,More than two,Once,Prefer not to say,No,Don't know postcode,,"Outdoor activities (playing, walking, cycling etc) ,Going on the internet ,Creative arts (drama, dance, music) ",,TestSchoolA,,
2024-07-18 11:09:15,2024-07-18 11:09:15,Survey Test,100,0,True,2024-07-18 11:09:15,R_bpeOgCWq14da08S,test,,"Yes, I am happy to take part",Prefer not to say,Prefer not to say,December,5,2026,Good,Some of the time,More than half of the time,Less than half of the time,Most of the time,Some of the time,10,Prefer not to say,9,6,9,3,7,1,0,Prefer not to say,0,Prefer not to say,"Never ",Sometimes,"Never ",Prefer not to say,Prefer not to say,"Always ",Prefer not to say,Prefer not to say,"Never ","Never ",Sometimes,"Always ","Never ",Sometimes,Prefer not to say,I like it a lot,A little,Often,Sometimes,Prefer not to say,"Very often ",Often,Often,Sometimes,Prefer not to say,Often,Often,Sometimes,Almost never,Often,"Very often ","Very often ",Often,Sometimes,Prefer not to say,Often,Sometimes,Prefer not to say,Prefer not to say,Yes,None,More than twice,Prefer not to say,Yes,Prefer not to say,,"Hanging out with friends ,Reading ,Going on the internet ",,TestSchoolA,,
2024-07-18 11:09:15,2024-07-18 11:09:15,Survey Test,100,0,True,2024-07-18 11:09:15,R_37uSNKAXXAJ7nvM,test,,"No, I do not want to take part",,,,,,,,,,,,,,,,,,,,,,,,,,,,,,,,,,,,,,,,,,,,,,,,,,,,,,,,,,,,,,,,,,,,,,,,TestSchoolA,,
2024-07-18 11:09:15,2024-07-18 11:09:15,Survey Test,100,0,True,2024-07-18 11:09:15,R_7Woi2yS8LV0Jvfg,test,,"No, I do not want to take part",,,,,,,,,,,,,,,,,,,,,,,,,,,,,,,,,,,,,,,,,,,,,,,,,,,,,,,,,,,,,,,,,,,,,,,,TestSchoolA,,
2024-07-18 11:09:15,2024-07-18 11:09:15,Survey Test,100,0,True,2024-07-18 11:09:16,R_87GG4hrKe9Pw6QC,test,,"No, I do not want to take part",,,,,,,,,,,,,,,,,,,,,,,,,,,,,,,,,,,,,,,,,,,,,,,,,,,,,,,,,,,,,,,,,,,,,,,,TestSchoolA,,
2024-07-18 11:09:16,2024-07-18 11:09:16,Survey Test,100,0,True,2024-07-18 11:09:16,R_em3VblaDMDEmlro,test,,"No, I do not want to take part",,,,,,,,,,,,,,,,,,,,,,,,,,,,,,,,,,,,,,,,,,,,,,,,,,,,,,,,,,,,,,,,,,,,,,,,TestSchoolA,,
2024-07-18 11:09:16,2024-07-18 11:09:16,Survey Test,100,0,True,2024-07-18 11:09:16,R_cMcMTmB673Sk64S,test,,"Yes, I am happy to take part",Prefer not to say,In another way,February,21,2024,Excellent,Some of the time,All of the time,At no time,At no time,Less than half of the time,4,3,Prefer not to say,3,5,9,2,6,Prefer not to say,7,10,Prefer not to say,Prefer not to say,Prefer not to say,"Never ",Sometimes,Prefer not to say,"Never ",Sometimes,Prefer not to say,Prefer not to say,"Always ","Always ","Always ",Sometimes,Prefer not to say,Sometimes,I like it a bit,Prefer not to say,Often,Almost never,Sometimes,Sometimes,Often,Sometimes,Sometimes,Prefer not to say,Often,Sometimes,Sometimes,Prefer not to say,"Very often ","Very often ","Very often ",Prefer not to say,"Very often ",Often,"Very often ",Prefer not to say,"Very often ","Yes, one",Yes,None,Once,Two,Yes,My postcode is:,EC1A 1HQ,"Watching TV ,Going on the internet ",,TestSchoolA,,
2024-07-18 11:09:16,2024-07-18 11:09:16,Survey Test,100,0,True,2024-07-18 11:09:16,R_7PrliWUg5IAxl8G,test,,"No, I do not want to take part",,,,,,,,,,,,,,,,,,,,,,,,,,,,,,,,,,,,,,,,,,,,,,,,,,,,,,,,,,,,,,,,,,,,,,,,TestSchoolA,,
2024-07-18 11:09:16,2024-07-18 11:09:17,Survey Test,100,1,True,2024-07-18 11:09:17,R_29mLr6bV1mIfuM6,test,,"Yes, I am happy to take part",P6,In another way,April,28,1972,Prefer not to say,Some of the time,Prefer not to say,At no time,Less than half of the time,More than half of the time,0,Prefer not to say,3,5,9,Prefer not to say,5,1,10,2,8,Prefer not to say,"Never ","Never ",Prefer not to say,Sometimes,Prefer not to say,Sometimes,"Never ",Sometimes,Prefer not to say,"Never ","Always ","Never ",Sometimes,"Never ","Always ",I don’t like it very much,Not at all,Often,Sometimes,Often,"Very often ",Prefer not to say,"Very often ",Almost never,Prefer not to say,Often,Often,"Very often ","Very often ","Very often ",Often,Prefer not to say,"Very often ",Prefer not to say,Prefer not to say,Prefer not to say,Prefer not to say,Prefer not to say,"Yes, one",Prefer not to say,More than two,Prefer not to say,Prefer not to say,No,Don't know postcode,,"Hanging out with friends ",,TestSchoolA,,
2024-07-18 11:09:17,2024-07-18 11:09:17,Survey Test,100,0,True,2024-07-18 11:09:17,R_9QViVefbJO28AqG,test,,"No, I do not want to take part",,,,,,,,,,,,,,,,,,,,,,,,,,,,,,,,,,,,,,,,,,,,,,,,,,,,,,,,,,,,,,,,,,,,,,,,TestSchoolA,,
2024-07-18 11:09:17,2024-07-18 11:09:17,Survey Test,100,0,True,2024-07-18 11:09:17,R_b49NUvM9q3QNdEG,test,,"No, I do not want to take part",,,,,,,,,,,,,,,,,,,,,,,,,,,,,,,,,,,,,,,,,,,,,,,,,,,,,,,,,,,,,,,,,,,,,,,,TestSchoolA,,
2024-07-18 11:09:17,2024-07-18 11:09:17,Survey Test,100,0,True,2024-07-18 11:09:17,R_elWAGcVMHPanks6,test,,"Yes, I am happy to take part",P6,Girl,February,22,,Good,Prefer not to say,Most of the time,Some of the time,More than half of the time,All of the time,10,0,7,4,3,7,10,5,0,7,1,Always,"Always ","Never ","Never ","Always ","Never ",Prefer not to say,"Always ","Always ",Sometimes,Prefer not to say,"Always ",Prefer not to say,"Always ",Prefer not to say,"Always ",I like it a lot,A lot,Often,Often,"Very often ",Often,Almost never,Sometimes,Sometimes,Prefer not to say,Almost never,Prefer not to say,Prefer not to say,Almost never,"Very often ","Very often ",Sometimes,"Very often ",Almost never,"Very often ",Sometimes,"Very often ",Sometimes,"Yes, two or more",Yes,None,Twice,Prefer not to say,No,Prefer not to say,,"Chatting/messaging friends on phone or computer ,Doing a physical activity or sport ,Going on the internet ",,TestSchoolA,,
2024-07-18 11:09:17,2024-07-18 11:09:18,Survey Test,100,1,True,2024-07-18 11:09:18,R_0izeFP89MtJ58Ee,test,,"Yes, I am happy to take part",P6,Boy,June,29,1988,Fair,At no time,At no time,At no time,All of the time,Some of the time,9,6,Prefer not to say,3,4,Prefer not to say,7,Prefer not to say,10,Prefer not to say,3,Always,"Always ",Prefer not to say,Sometimes,"Never ",Prefer not to say,Prefer not to say,"Always ",Sometimes,Prefer not to say,"Always ",Sometimes,"Never ","Always ",Prefer not to say,"Always ",Prefer not to say,Some,Never,Very often,Prefer not to say,Often,Often,Often,Often,Almost never,Often,Often,"Very often ",Almost never,Almost never,Sometimes,Prefer not to say,Sometimes,Sometimes,"Very often ",Almost never,Often,Prefer not to say,Prefer not to say,Yes,Two,Not at all,Two,Yes,Don't know postcode,,"Chatting/messaging friends on phone or computer ",,TestSchoolA,,
2024-07-18 11:09:18,2024-07-18 11:09:18,Survey Test,100,0,True,2024-07-18 11:09:18,R_9Z6WFXdqyUC5PIW,test,,"No, I do not want to take part",,,,,,,,,,,,,,,,,,,,,,,,,,,,,,,,,,,,,,,,,,,,,,,,,,,,,,,,,,,,,,,,,,,,,,,,TestSchoolA,,
2024-07-18 11:09:18,2024-07-18 11:09:18,Survey Test,100,0,True,2024-07-18 11:09:18,R_5aJn0sD5KXwva2q,test,,"Yes, I am happy to take part",Prefer not to say,Prefer not to say,May,28,1965,Fair,At no time,Prefer not to say,All of the time,Prefer not to say,Less than half of the time,4,Prefer not to say,Prefer not to say,2,4,2,0,7,2,7,Prefer not to say,Sometimes,"Never ","Always ","Never ","Never ",Sometimes,Prefer not to say,"Never ","Always ","Never ","Always ","Always ","Always ","Never ",Prefer not to say,Prefer not to say,I don’t like it very much,Prefer not to say,Prefer not to say,Prefer not to say,Almost never,"Very often ",Prefer not to say,Sometimes,Prefer not to say,Often,"Very often ",Sometimes,Sometimes,Prefer not to say,Often,Almost never,Almost never,Sometimes,Prefer not to say,Almost never,Sometimes,"Very often ",Prefer not to say,"Yes, two or more",No,One,Prefer not to say,Prefer not to say,Prefer not to say,Don't know postcode,,"Hanging out with friends ,Doing things with family ,Creative arts (drama, dance, music) ",,TestSchoolA,,
2024-07-18 11:09:18,2024-07-18 11:09:18,Survey Test,100,0,True,2024-07-18 11:09:18,R_eal4Ttz515aQft4,test,,"No, I do not want to take part",,,,,,,,,,,,,,,,,,,,,,,,,,,,,,,,,,,,,,,,,,,,,,,,,,,,,,,,,,,,,,,,,,,,,,,,TestSchoolA,,
2024-07-18 11:09:18,2024-07-18 11:09:18,Survey Test,100,0,True,2024-07-18 11:09:19,R_4Jcz8UPn0u5vSqG,test,,"No, I do not want to take part",,,,,,,,,,,,,,,,,,,,,,,,,,,,,,,,,,,,,,,,,,,,,,,,,,,,,,,,,,,,,,,,,,,,,,,,TestSchoolA,,
2024-07-18 11:09:19,2024-07-18 11:09:19,Survey Test,100,0,True,2024-07-18 11:09:19,R_eINMw8oSUXSOaMK,test,,"No, I do not want to take part",,,,,,,,,,,,,,,,,,,,,,,,,,,,,,,,,,,,,,,,,,,,,,,,,,,,,,,,,,,,,,,,,,,,,,,,TestSchoolA,,
2024-07-18 11:09:19,2024-07-18 11:09:19,Survey Test,100,0,True,2024-07-18 11:09:19,R_9Nf8IDuGdqbuUMC,test,,"No, I do not want to take part",,,,,,,,,,,,,,,,,,,,,,,,,,,,,,,,,,,,,,,,,,,,,,,,,,,,,,,,,,,,,,,,,,,,,,,,TestSchoolA,,
2024-07-18 11:09:19,2024-07-18 11:09:19,Survey Test,100,0,True,2024-07-18 11:09:19,R_5aMbGhxQE3Qkow6,test,,"No, I do not want to take part",,,,,,,,,,,,,,,,,,,,,,,,,,,,,,,,,,,,,,,,,,,,,,,,,,,,,,,,,,,,,,,,,,,,,,,,TestSchoolA,,
2024-07-18 11:09:19,2024-07-18 11:09:19,Survey Test,100,0,True,2024-07-18 11:09:19,R_bJZZDr9Rmrr1xaK,test,,"No, I do not want to take part",,,,,,,,,,,,,,,,,,,,,,,,,,,,,,,,,,,,,,,,,,,,,,,,,,,,,,,,,,,,,,,,,,,,,,,,TestSchoolA,,
2024-07-18 11:09:19,2024-07-18 11:09:20,Survey Test,100,1,True,2024-07-18 11:09:20,R_9ZTvC3HFjOXhCDQ,test,,"No, I do not want to take part",,,,,,,,,,,,,,,,,,,,,,,,,,,,,,,,,,,,,,,,,,,,,,,,,,,,,,,,,,,,,,,,,,,,,,,,TestSchoolA,,
2024-07-18 11:09:20,2024-07-18 11:09:20,Survey Test,100,0,True,2024-07-18 11:09:20,R_3CAMHHv75fYbjIG,test,,"No, I do not want to take part",,,,,,,,,,,,,,,,,,,,,,,,,,,,,,,,,,,,,,,,,,,,,,,,,,,,,,,,,,,,,,,,,,,,,,,,TestSchoolA,,
2024-07-18 11:09:20,2024-07-18 11:09:20,Survey Test,100,0,True,2024-07-18 11:09:20,R_a8IX6bT27G1XmdM,test,,"No, I do not want to take part",,,,,,,,,,,,,,,,,,,,,,,,,,,,,,,,,,,,,,,,,,,,,,,,,,,,,,,,,,,,,,,,,,,,,,,,TestSchoolA,,
2024-07-18 11:09:20,2024-07-18 11:09:20,Survey Test,100,0,True,2024-07-18 11:09:20,R_6G37NwXKlisl9tA,test,,"No, I do not want to take part",,,,,,,,,,,,,,,,,,,,,,,,,,,,,,,,,,,,,,,,,,,,,,,,,,,,,,,,,,,,,,,,,,,,,,,,TestSchoolA,,
2024-07-18 11:09:20,2024-07-18 11:09:20,Survey Test,100,0,True,2024-07-18 11:09:21,R_39iiVXWkbHNcDEa,test,,"Yes, I am happy to take part",P6,Girl,January,16,1975,Fair,Most of the time,Less than half of the time,At no time,Prefer not to say,At no time,2,3,8,0,1,Prefer not to say,10,8,2,10,1,Sometimes,Sometimes,Sometimes,Prefer not to say,Prefer not to say,Prefer not to say,Sometimes,"Always ",Sometimes,Prefer not to say,Prefer not to say,"Never ",Sometimes,Sometimes,"Always ",Prefer not to say,I like it a lot,Not at all,Always,Prefer not to say,Sometimes,Often,Prefer not to say,"Very often ",Sometimes,Sometimes,Almost never,Almost never,Often,Sometimes,Often,Often,Prefer not to say,Sometimes,Prefer not to say,Sometimes,"Very often ",Sometimes,Prefer not to say,No,Prefer not to say,Prefer not to say,Twice,Prefer not to say,No,Don't know postcode,,Prefer not to say,,TestSchoolA,,
2024-07-18 11:09:21,2024-07-18 11:09:21,Survey Test,100,0,True,2024-07-18 11:09:21,R_cFHBlZ4oMHdcWCW,test,,"Yes, I am happy to take part",P7,In another way,March,18,1964,Excellent,Some of the time,Most of the time,Some of the time,Prefer not to say,Some of the time,9,9,Prefer not to say,Prefer not to say,Prefer not to say,6,9,4,4,5,0,Prefer not to say,"Always ",Prefer not to say,Sometimes,"Never ",Sometimes,"Never ",Sometimes,Sometimes,Sometimes,"Never ","Never ","Never ",Prefer not to say,"Always ",Prefer not to say,I don’t like it at all,A lot,Often,Very often,"Very often ",Often,"Very often ",Sometimes,Prefer not to say,Often,Often,Often,"Very often ",Prefer not to say,Prefer not to say,Sometimes,Sometimes,Often,Often,Almost never,Almost never,Prefer not to say,Often,Prefer not to say,Prefer not to say,Two,Prefer not to say,None,Prefer not to say,Prefer not to say,,"Hanging out with friends ,Listening to music ",,TestSchoolA,,
2024-07-18 11:09:21,2024-07-18 11:09:21,Survey Test,100,0,True,2024-07-18 11:09:21,R_6kS2LHwpfeQsYHI,test,,"Yes, I am happy to take part",P7,Girl,November,25,1928,Good,At no time,At no time,All of the time,Some of the time,All of the time,Prefer not to say,Prefer not to say,2,1,0,Prefer not to say,0,10,4,6,3,Always,"Never ","Never ","Never ","Never ","Never ",Sometimes,Sometimes,"Never ",Prefer not to say,"Always ",Prefer not to say,Prefer not to say,"Always ",Sometimes,"Never ",I don’t like it at all,A little,Never,Almost never,Prefer not to say,Almost never,"Very often ","Very often ",Prefer not to say,Almost never,Sometimes,Sometimes,Often,Often,Often,Often,Prefer not to say,Prefer not to say,Often,Sometimes,"Very often ",Often,"Very often ",No,No,More than two,Once,Prefer not to say,Yes,Don't know postcode,,Prefer not to say,,TestSchoolA,,
2024-07-18 11:09:21,2024-07-18 11:09:21,Survey Test,100,0,True,2024-07-18 11:09:22,R_cSKCmYgOrmnsafc,test,,"Yes, I am happy to take part",P7,In another way,June,2,1995,Poor,Prefer not to say,Prefer not to say,More than half of the time,Prefer not to say,All of the time,Prefer not to say,5,5,6,7,5,10,9,8,Prefer not to say,Prefer not to say,Prefer not to say,Sometimes,"Never ","Always ",Sometimes,Prefer not to say,"Always ","Always ",Sometimes,Sometimes,Prefer not to say,Sometimes,Sometimes,"Always ","Always ","Always ",I don’t like it at all,A lot,Prefer not to say,Prefer not to say,Often,Sometimes,Often,"Very often ","Very often ",Prefer not to say,Often,"Very often ","Very often ",Almost never,Often,"Very often ",Sometimes,Prefer not to say,"Very often ",Almost never,Prefer not to say,Almost never,Sometimes,"Yes, two or more",No,One,More than twice,None,Yes,Prefer not to say,,"Outdoor activities (playing, walking, cycling etc) ,Listening to music ,Something else ",,TestSchoolA,,
2024-07-18 11:09:22,2024-07-18 11:09:22,Survey Test,100,0,True,2024-07-18 11:09:22,R_6r1XXQIb27pU2Ts,test,,"Yes, I am happy to take part",Prefer not to say,In another way,July,18,2004,Prefer not to say,Prefer not to say,At no time,Less than half of the time,More than half of the time,Some of the time,10,6,4,5,4,10,6,1,10,4,5,Always,"Always ",Prefer not to say,"Never ","Never ",Sometimes,Prefer not to say,Sometimes,"Always ","Always ",Sometimes,Sometimes,"Always ",Sometimes,Sometimes,"Never ",Prefer not to say,Not at all,Always,Very often,Almost never,Almost never,Almost never,"Very often ",Almost never,Almost never,Almost never,"Very often ",Often,"Very often ","Very often ","Very often ","Very often ",Sometimes,Prefer not to say,Almost never,"Very often ",Almost never,Almost never,"Yes, two or more",Prefer not to say,Two,Not at all,None,Prefer not to say,My postcode is:,EC1A 1HQ,"Playing computer games ,Doing things with family ",,TestSchoolA,,
2024-07-18 11:09:22,2024-07-18 11:09:22,Survey Test,100,0,True,2024-07-18 11:09:22,R_5BX9vbt82anUfGe,test,,"Yes, I am happy to take part",Prefer not to say,Boy,March,14,1964,Fair,Prefer not to say,At no time,All of the time,Most of the time,At no time,10,10,2,1,10,Prefer not to say,6,4,7,1,8,Sometimes,"Never ","Never ",Sometimes,"Never ",Prefer not to say,"Always ",Prefer not to say,Sometimes,Sometimes,"Always ","Never ","Always ","Always ","Always ",Sometimes,I don’t like it very much,A lot,Always,Almost never,Prefer not to say,Prefer not to say,Almost never,Prefer not to say,Prefer not to say,"Very often ",Almost never,Sometimes,Often,Sometimes,Often,Sometimes,"Very often ",Sometimes,Often,Sometimes,Sometimes,Prefer not to say,Often,"Yes, two or more",Prefer not to say,Prefer not to say,More than twice,None,No,Don't know postcode,,"Doing a physical activity or sport ,Playing computer games ,Reading ",,TestSchoolA,,
2024-07-18 11:09:22,2024-07-18 11:09:22,Survey Test,100,0,True,2024-07-18 11:09:22,R_9N1Mdiu1kxw0NlI,test,,"No, I do not want to take part",,,,,,,,,,,,,,,,,,,,,,,,,,,,,,,,,,,,,,,,,,,,,,,,,,,,,,,,,,,,,,,,,,,,,,,,TestSchoolA,,
2024-07-18 11:09:22,2024-07-18 11:09:22,Survey Test,100,0,True,2024-07-18 11:09:23,R_6tkakPNo5y5xVdk,test,,"No, I do not want to take part",,,,,,,,,,,,,,,,,,,,,,,,,,,,,,,,,,,,,,,,,,,,,,,,,,,,,,,,,,,,,,,,,,,,,,,,TestSchoolA,,
2024-07-18 11:09:23,2024-07-18 11:09:23,Survey Test,100,0,True,2024-07-18 11:09:23,R_0q7CDRNiS5JQHf8,test,,"No, I do not want to take part",,,,,,,,,,,,,,,,,,,,,,,,,,,,,,,,,,,,,,,,,,,,,,,,,,,,,,,,,,,,,,,,,,,,,,,,TestSchoolA,,
2024-07-18 11:09:23,2024-07-18 11:09:23,Survey Test,100,0,True,2024-07-18 11:09:23,R_08OrWsFKp9g76qq,test,,"Yes, I am happy to take part",P6,Boy,March,22,1932,Poor,Prefer not to say,More than half of the time,All of the time,More than half of the time,All of the time,0,3,7,6,8,2,7,Prefer not to say,6,3,7,Sometimes,Sometimes,"Always ",Prefer not to say,Prefer not to say,Prefer not to say,"Never ",Prefer not to say,Sometimes,"Always ",Prefer not to say,Sometimes,"Never ",Prefer not to say,"Never ",Prefer not to say,I don’t like it at all,A lot,Never,Often,Often,Almost never,"Very often ",Sometimes,Almost never,Almost never,Prefer not to say,Prefer not to say,"Very often ",Often,Almost never,Prefer not to say,Often,Prefer not to say,"Very often ",Prefer not to say,Sometimes,Prefer not to say,"Very often ","Yes, two or more",Yes,Prefer not to say,Not at all,None,No,Don't know postcode,,"Reading ,Going on the internet ",,TestSchoolA,,
2024-07-18 11:09:23,2024-07-18 11:09:23,Survey Test,100,0,True,2024-07-18 11:09:23,R_cvXQpj1JKuWvQjk,test,,"Yes, I am happy to take part",P6,Girl,January,5,1937,Excellent,All of the time,Most of the time,More than half of the time,More than half of the time,Most of the time,5,2,5,2,0,4,8,0,2,0,Prefer not to say,Prefer not to say,Prefer not to say,Sometimes,Sometimes,Sometimes,Sometimes,"Always ",Prefer not to say,"Never ",Prefer not to say,Prefer not to say,"Always ",Sometimes,Prefer not to say,"Never ",Prefer not to say,I don’t like it at all,Prefer not to say,Hardly ever,Often,Sometimes,"Very often ",Almost never,Often,Sometimes,Sometimes,Sometimes,Prefer not to say,"Very often ",Sometimes,"Very often ","Very often ",Almost never,Sometimes,Often,Almost never,Prefer not to say,Prefer not to say,Almost never,"Yes, two or more",Yes,Two,Twice,None,Yes,Prefer not to say,,"Doing a physical activity or sport ,Playing computer games ,Listening to music ",,TestSchoolA,,
2024-07-18 11:09:24,2024-07-18 11:09:24,Survey Test,100,0,True,2024-07-18 11:09:24,R_bQugBBIvJMsW5j8,test,,"Yes, I am happy to take part",P6,Prefer not to say,October,25,1922,Excellent,All of the time,Less than half of the time,Prefer not to say,At no time,More than half of the time,7,1,10,1,8,4,8,6,7,4,2,"Never ",Prefer not to say,"Always ","Always ",Sometimes,Sometimes,"Always ",Sometimes,"Always ","Never ","Never ",Sometimes,"Always ","Always ",Sometimes,Prefer not to say,I like it a bit,Some,Never,Prefer not to say,Almost never,Often,Sometimes,Sometimes,"Very often ",Sometimes,"Very often ",Almost never,Sometimes,"Very often ",Prefer not to say,Prefer not to say,Almost never,Sometimes,Prefer not to say,Often,Prefer not to say,"Very often ",Prefer not to say,"Yes, one",Yes,More than two,Twice,Two,No,Don't know postcode,,"Something else ",,TestSchoolA,,
2024-07-18 11:09:24,2024-07-18 11:09:24,Survey Test,100,0,True,2024-07-18 11:09:24,R_b2EAfvtPDLS6iiO,test,,"Yes, I am happy to take part",Prefer not to say,In another way,September,13,1999,Excellent,More than half of the time,Prefer not to say,At no time,At no time,Less than half of the time,6,4,4,1,7,Prefer not to say,3,1,10,9,6,Always,"Always ",Sometimes,"Always ","Never ","Never ",Sometimes,Sometimes,Prefer not to say,Sometimes,"Always ","Always ",Prefer not to say,"Never ",Sometimes,Prefer not to say,I don’t like it very much,Not at all,Hardly ever,Sometimes,Almost never,Prefer not to say,Sometimes,Sometimes,"Very often ",Almost never,Almost never,Often,"Very often ",Often,"Very often ",Often,Sometimes,Often,"Very often ","Very often ",Almost never,"Very often ",Almost never,"Yes, two or more",Yes,One,Prefer not to say,Two,Prefer not to say,Don't know postcode,,"Doing a physical activity or sport ,Reading ",,TestSchoolA,,
2024-07-18 11:09:24,2024-07-18 11:09:24,Survey Test,100,0,True,2024-07-18 11:09:24,R_b3nYF24crCABN6m,test,,"No, I do not want to take part",,,,,,,,,,,,,,,,,,,,,,,,,,,,,,,,,,,,,,,,,,,,,,,,,,,,,,,,,,,,,,,,,,,,,,,,TestSchoolA,,
2024-07-18 11:09:24,2024-07-18 11:09:24,Survey Test,100,0,True,2024-07-18 11:09:25,R_digMTDnAZGywd0i,test,,"Yes, I am happy to take part",P7,Girl,October,17,2008,Poor,At no time,More than half of the time,Most of the time,Prefer not to say,More than half of the time,5,6,1,1,0,1,5,4,4,Prefer not to say,6,Sometimes,Prefer not to say,"Never ",Prefer not to say,"Always ",Sometimes,"Always ","Never ","Never ",Sometimes,Sometimes,Prefer not to say,Prefer not to say,"Always ","Always ","Always ",I like it a bit,A lot,Always,Often,Often,"Very often ","Very often ",Prefer not to say,Almost never,Sometimes,Almost never,"Very often ",Often,Sometimes,Prefer not to say,"Very often ",Prefer not to say,"Very often ",Often,"Very often ",Often,"Very often ",Often,No,Prefer not to say,None,Twice,One,Prefer not to say,My postcode is:,EC1A 1HQ,"Chatting/messaging friends on phone or computer ,Doing things with family ",,TestSchoolA,,
2024-07-18 11:09:25,2024-07-18 11:09:25,Survey Test,100,0,True,2024-07-18 11:09:25,R_2af0Y1eNLQJMel8,test,,"No, I do not want to take part",,,,,,,,,,,,,,,,,,,,,,,,,,,,,,,,,,,,,,,,,,,,,,,,,,,,,,,,,,,,,,,,,,,,,,,,TestSchoolA,,
2024-07-18 11:09:25,2024-07-18 11:09:25,Survey Test,100,0,True,2024-07-18 11:09:25,R_0uOhRbm6uFzajk2,test,,"No, I do not want to take part",,,,,,,,,,,,,,,,,,,,,,,,,,,,,,,,,,,,,,,,,,,,,,,,,,,,,,,,,,,,,,,,,,,,,,,,TestSchoolA,,
2024-07-18 11:09:25,2024-07-18 11:09:25,Survey Test,100,0,True,2024-07-18 11:09:25,R_6rFp5XRnKD2hMge,test,,"Yes, I am happy to take part",P7,Boy,July,20,1962,Prefer not to say,Prefer not to say,Less than half of the time,More than half of the time,Less than half of the time,Less than half of the time,0,4,8,8,3,0,7,2,10,7,2,"Never ","Never ",Prefer not to say,"Never ",Prefer not to say,Prefer not to say,"Always ","Never ",Sometimes,Prefer not to say,Prefer not to say,Sometimes,Sometimes,"Always ","Never ","Never ",I like it a lot,Prefer not to say,Always,Prefer not to say,Almost never,Almost never,Often,"Very often ",Sometimes,Sometimes,Prefer not to say,Prefer not to say,"Very often ",Sometimes,Almost never,Prefer not to say,Prefer not to say,Almost never,Often,Often,"Very often ",Sometimes,Almost never,"Yes, two or more",No,Prefer not to say,Once,None,No,My postcode is:,EC1A 1HQ,"Playing computer games ",,TestSchoolA,,
2024-07-18 11:09:25,2024-07-18 11:09:25,Survey Test,100,0,True,2024-07-18 11:09:26,R_bHrICfuOIt3UZQa,test,,"No, I do not want to take part",,,,,,,,,,,,,,,,,,,,,,,,,,,,,,,,,,,,,,,,,,,,,,,,,,,,,,,,,,,,,,,,,,,,,,,,TestSchoolA,,
2024-07-18 11:09:26,2024-07-18 11:09:26,Survey Test,100,0,True,2024-07-18 11:09:26,R_8uz7gNPwAVMWwIK,test,,"No, I do not want to take part",,,,,,,,,,,,,,,,,,,,,,,,,,,,,,,,,,,,,,,,,,,,,,,,,,,,,,,,,,,,,,,,,,,,,,,,TestSchoolA,,
2024-07-18 11:09:26,2024-07-18 11:09:26,Survey Test,100,0,True,2024-07-18 11:09:26,R_eOPapJiEPLrEVpA,test,,"Yes, I am happy to take part",P7,In another way,April,7,1922,Good,Less than half of the time,At no time,Most of the time,Some of the time,More than half of the time,10,5,7,4,7,10,Prefer not to say,6,5,4,10,Prefer not to say,"Always ",Sometimes,Sometimes,"Never ",Prefer not to say,Prefer not to say,Prefer not to say,Sometimes,"Never ","Always ","Never ",Sometimes,"Always ",Sometimes,Prefer not to say,I don’t like it at all,A little,Never,Very often,Sometimes,Often,Prefer not to say,Sometimes,Sometimes,"Very often ",Often,Prefer not to say,Almost never,Sometimes,Prefer not to say,Often,Sometimes,Sometimes,Sometimes,"Very often ",Prefer not to say,"Very often ",Often,Prefer not to say,Prefer not to say,Prefer not to say,Prefer not to say,None,Prefer not to say,My postcode is:,EC1A 1HQ,Prefer not to say,,TestSchoolA,,
2024-07-18 11:09:26,2024-07-18 11:09:26,Survey Test,100,0,True,2024-07-18 11:09:26,R_0SPbgJNDwXBkWjk,test,,"Yes, I am happy to take part",P7,Boy,February,27,1998,Excellent,At no time,More than half of the time,More than half of the time,Prefer not to say,Some of the time,4,7,8,3,3,7,5,4,6,10,8,"Never ",Prefer not to say,"Never ","Never ","Always ",Sometimes,"Always ",Prefer not to say,Prefer not to say,"Never ",Prefer not to say,"Never ",Prefer not to say,"Always ","Never ","Never ",I don’t like it very much,Prefer not to say,Hardly ever,Sometimes,Almost never,Prefer not to say,"Very often ",Almost never,"Very often ",Almost never,Often,Sometimes,Prefer not to say,"Very often ","Very often ",Almost never,Sometimes,"Very often ",Almost never,Prefer not to say,Sometimes,Often,Often,"Yes, two or more",Yes,More than two,More than twice,Prefer not to say,Prefer not to say,My postcode is:,EC1A 1HQ,"Chatting/messaging friends on phone or computer ",,TestSchoolA,,
2024-07-18 11:09:26,2024-07-18 11:09:27,Survey Test,100,1,True,2024-07-18 11:09:27,R_8xeTlEi0FXEXS06,test,,"Yes, I am happy to take part",Prefer not to say,In another way,March,8,,Excellent,All of the time,All of the time,Some of the time,Some of the time,Most of the time,6,1,7,5,10,4,Prefer not to say,7,5,2,Prefer not to say,Always,"Always ","Always ","Never ",Prefer not to say,Sometimes,Prefer not to say,"Always ",Sometimes,"Never ",Sometimes,"Always ",Sometimes,"Always ","Never ",Sometimes,Prefer not to say,Prefer not to say,Always,Prefer not to say,Prefer not to say,Sometimes,Sometimes,Sometimes,Often,Often,Prefer not to say,"Very often ",Sometimes,Sometimes,"Very often ",Prefer not to say,"Very often ",Prefer not to say,Often,Almost never,"Very often ",Prefer not to say,Sometimes,"Yes, one",Prefer not to say,Two,Not at all,Prefer not to say,Yes,Prefer not to say,,Prefer not to say,,TestSchoolA,,
2024-07-18 11:09:27,2024-07-18 11:09:27,Survey Test,100,0,True,2024-07-18 11:09:27,R_8kyTvMb0OrP4CeW,test,,"Yes, I am happy to take part",P6,Boy,March,25,2044,Excellent,Some of the time,At no time,Less than half of the time,Some of the time,More than half of the time,3,0,4,6,7,1,6,6,0,Prefer not to say,6,Sometimes,"Always ",Prefer not to say,"Never ","Always ","Never ",Sometimes,"Always ","Always ","Always ",Prefer not to say,"Never ",Sometimes,Prefer not to say,"Never ",Sometimes,Prefer not to say,Prefer not to say,Never,Prefer not to say,Sometimes,Often,Sometimes,"Very often ","Very often ","Very often ",Often,Almost never,Often,"Very often ",Almost never,Almost never,Almost never,Often,Almost never,Sometimes,Almost never,"Very often ",Prefer not to say,No,No,Prefer not to say,Twice,Prefer not to say,Yes,Don't know postcode,,"Playing computer games ",,TestSchoolA,,
2024-07-18 11:09:27,2024-07-18 11:09:27,Survey Test,100,0,True,2024-07-18 11:09:27,R_7VSKDvnJClpSpYW,test,,"No, I do not want to take part",,,,,,,,,,,,,,,,,,,,,,,,,,,,,,,,,,,,,,,,,,,,,,,,,,,,,,,,,,,,,,,,,,,,,,,,TestSchoolA,,
2024-07-18 11:09:27,2024-07-18 11:09:27,Survey Test,100,0,True,2024-07-18 11:09:28,R_55b77MLd5ooMj5A,test,,"Yes, I am happy to take part",P6,In another way,February,17,2020,Prefer not to say,Prefer not to say,Less than half of the time,All of the time,Some of the time,Prefer not to say,4,3,7,7,9,2,Prefer not to say,8,2,2,3,"Never ","Always ","Always ","Never ",Prefer not to say,Prefer not to say,"Never ","Always ","Never ",Sometimes,Prefer not to say,"Never ","Never ","Always ",Prefer not to say,Prefer not to say,I like it a bit,Prefer not to say,Never,Prefer not to say,Often,Often,"Very often ",Sometimes,"Very often ",Often,Often,Sometimes,Sometimes,Sometimes,Prefer not to say,Sometimes,Almost never,Almost never,Often,Prefer not to say,Prefer not to say,Almost never,Often,No,Yes,More than two,More than twice,More than two,Prefer not to say,My postcode is:,EC1A 1HQ,"Watching TV ,Doing things with family ",,TestSchoolA,,
2024-07-18 11:09:28,2024-07-18 11:09:28,Survey Test,100,0,True,2024-07-18 11:09:28,R_5ioXJm98l5eMtAW,test,,"Yes, I am happy to take part",P7,Girl,November,22,2012,Excellent,Most of the time,Some of the time,At no time,Some of the time,Most of the time,2,Prefer not to say,Prefer not to say,9,8,9,3,10,8,Prefer not to say,0,"Never ","Always ",Sometimes,Prefer not to say,"Always ","Always ","Always ","Always ","Never ","Never ",Prefer not to say,Sometimes,Sometimes,"Never ","Always ",Prefer not to say,I don’t like it very much,A lot,Often,Prefer not to say,Sometimes,"Very often ",Often,Sometimes,"Very often ",Sometimes,Often,Prefer not to say,Almost never,Almost never,Almost never,"Very often ",Almost never,"Very often ",Prefer not to say,Almost never,Almost never,Sometimes,Almost never,Prefer not to say,Prefer not to say,Prefer not to say,Once,Prefer not to say,No,My postcode is:,EC1A 1HQ,"Hanging out with friends ",,TestSchoolA,,
2024-07-18 11:09:28,2024-07-18 11:09:28,Survey Test,100,0,True,2024-07-18 11:09:28,R_aeZRc69X4PNT0Ro,test,,"Yes, I am happy to take part",P7,Girl,October,1,2031,Prefer not to say,At no time,Less than half of the time,At no time,More than half of the time,Prefer not to say,6,7,2,0,10,5,0,5,8,8,6,"Never ","Always ","Always ",Sometimes,"Never ",Prefer not to say,Prefer not to say,Sometimes,Prefer not to say,"Never ",Prefer not to say,Prefer not to say,"Always ",Prefer not to say,"Never ","Never ",I like it a bit,A lot,Never,Prefer not to say,Prefer not to say,Often,Often,Prefer not to say,Sometimes,Prefer not to say,Almost never,Sometimes,Often,Often,Prefer not to say,Prefer not to say,Often,Often,Almost never,Sometimes,Often,Sometimes,Sometimes,"Yes, one",Prefer not to say,Two,Once,More than two,Prefer not to say,Prefer not to say,,"Outdoor activities (playing, walking, cycling etc) ,Creative arts (drama, dance, music) ",,TestSchoolA,,
2024-07-18 11:09:28,2024-07-18 11:09:28,Survey Test,100,0,True,2024-07-18 11:09:29,R_bOBFsAzB3mPzToy,test,,"No, I do not want to take part",,,,,,,,,,,,,,,,,,,,,,,,,,,,,,,,,,,,,,,,,,,,,,,,,,,,,,,,,,,,,,,,,,,,,,,,TestSchoolA,,
2024-07-18 11:09:29,2024-07-18 11:09:29,Survey Test,100,0,True,2024-07-18 11:09:29,R_1NzHTOiMwlKSPkO,test,,"No, I do not want to take part",,,,,,,,,,,,,,,,,,,,,,,,,,,,,,,,,,,,,,,,,,,,,,,,,,,,,,,,,,,,,,,,,,,,,,,,TestSchoolA,,
2024-07-18 11:09:29,2024-07-18 11:09:29,Survey Test,100,0,True,2024-07-18 11:09:29,R_afrQtW1sUb5TEDs,test,,"No, I do not want to take part",,,,,,,,,,,,,,,,,,,,,,,,,,,,,,,,,,,,,,,,,,,,,,,,,,,,,,,,,,,,,,,,,,,,,,,,TestSchoolA,,
2024-07-18 11:09:29,2024-07-18 11:09:29,Survey Test,100,0,True,2024-07-18 11:09:29,R_23GnVKg5T7Wf3o2,test,,"Yes, I am happy to take part",P6,In another way,December,11,2036,Good,Most of the time,Less than half of the time,Prefer not to say,Some of the time,At no time,3,10,4,4,4,3,6,Prefer not to say,Prefer not to say,5,Prefer not to say,Sometimes,"Never ",Prefer not to say,"Never ","Always ","Never ",Sometimes,"Always ","Never ","Always ",Prefer not to say,Prefer not to say,Prefer not to say,Sometimes,Sometimes,Prefer not to say,I like it a bit,Prefer not to say,Sometimes,Prefer not to say,"Very often ","Very often ",Sometimes,Almost never,Often,Sometimes,Almost never,"Very often ",Almost never,Prefer not to say,Almost never,Sometimes,"Very often ","Very often ",Prefer not to say,Almost never,"Very often ",Sometimes,Almost never,"Yes, one",No,Prefer not to say,Not at all,More than two,Yes,Don't know postcode,,"Watching TV ",,TestSchoolA,,
2024-07-18 11:09:29,2024-07-18 11:09:29,Survey Test,100,0,True,2024-07-18 11:09:30,R_723sQHCc7Jps6z4,test,,"No, I do not want to take part",,,,,,,,,,,,,,,,,,,,,,,,,,,,,,,,,,,,,,,,,,,,,,,,,,,,,,,,,,,,,,,,,,,,,,,,TestSchoolA,,
2024-07-18 11:09:30,2024-07-18 11:09:30,Survey Test,100,0,True,2024-07-18 11:09:30,R_eXuIBd3xeDHpDfw,test,,"Yes, I am happy to take part",Prefer not to say,In another way,December,8,,Fair,All of the time,All of the time,Most of the time,Most of the time,All of the time,3,1,7,3,0,3,1,Prefer not to say,3,8,3,"Never ",Prefer not to say,"Never ",Sometimes,"Always ",Prefer not to say,"Always ",Sometimes,"Never ",Prefer not to say,Sometimes,"Always ",Prefer not to say,Sometimes,"Never ",Sometimes,I don’t like it at all,Prefer not to say,Never,Almost never,Often,Prefer not to say,Often,Almost never,Often,Almost never,Almost never,Prefer not to say,Sometimes,Almost never,Almost never,Sometimes,"Very often ",Prefer not to say,Prefer not to say,Almost never,"Very often ","Very often ",Prefer not to say,Prefer not to say,Prefer not to say,Two,Not at all,None,No,My postcode is:,EC1A 1HQ,Prefer not to say,,TestSchoolA,,
2024-07-18 11:09:30,2024-07-18 11:09:30,Survey Test,100,0,True,2024-07-18 11:09:30,R_5i0djklG8G1Kfs2,test,,"No, I do not want to take part",,,,,,,,,,,,,,,,,,,,,,,,,,,,,,,,,,,,,,,,,,,,,,,,,,,,,,,,,,,,,,,,,,,,,,,,TestSchoolA,,
2024-07-18 11:09:30,2024-07-18 11:09:30,Survey Test,100,0,True,2024-07-18 11:09:30,R_8GkCppGUlN5hJwa,test,,"No, I do not want to take part",,,,,,,,,,,,,,,,,,,,,,,,,,,,,,,,,,,,,,,,,,,,,,,,,,,,,,,,,,,,,,,,,,,,,,,,TestSchoolA,,
2024-07-18 11:09:30,2024-07-18 11:09:30,Survey Test,100,0,True,2024-07-18 11:09:30,R_e3zalxxiN7VPJ5A,test,,"No, I do not want to take part",,,,,,,,,,,,,,,,,,,,,,,,,,,,,,,,,,,,,,,,,,,,,,,,,,,,,,,,,,,,,,,,,,,,,,,,TestSchoolA,,
2024-07-18 11:09:31,2024-07-18 11:09:31,Survey Test,100,0,True,2024-07-18 11:09:31,R_5BK4VWgbqHXD6xU,test,,"No, I do not want to take part",,,,,,,,,,,,,,,,,,,,,,,,,,,,,,,,,,,,,,,,,,,,,,,,,,,,,,,,,,,,,,,,,,,,,,,,TestSchoolA,,
2024-07-18 11:09:31,2024-07-18 11:09:31,Survey Test,100,0,True,2024-07-18 11:09:31,R_9T9UEl6Nhf6Vk6G,test,,"No, I do not want to take part",,,,,,,,,,,,,,,,,,,,,,,,,,,,,,,,,,,,,,,,,,,,,,,,,,,,,,,,,,,,,,,,,,,,,,,,TestSchoolA,,
2024-07-18 11:09:31,2024-07-18 11:09:31,Survey Test,100,0,True,2024-07-18 11:09:31,R_cJhmmrJqtl6Y2WO,test,,"Yes, I am happy to take part",P7,Girl,June,22,1971,Good,Some of the time,At no time,More than half of the time,Prefer not to say,Prefer not to say,2,9,6,3,9,8,4,2,10,7,0,Always,Sometimes,"Never ",Sometimes,Sometimes,Prefer not to say,Prefer not to say,"Always ","Never ","Always ",Sometimes,"Always ",Prefer not to say,"Never ","Never ",Sometimes,I don’t like it very much,Not at all,Prefer not to say,Often,Often,Prefer not to say,Almost never,Prefer not to say,"Very often ","Very often ","Very often ",Often,Almost never,Sometimes,"Very often ",Prefer not to say,"Very often ",Sometimes,Often,Almost never,Almost never,Often,Prefer not to say,No,Yes,One,Once,Two,No,Don't know postcode,,"Doing things with family ",,TestSchoolA,,
2024-07-18 11:09:31,2024-07-18 11:09:31,Survey Test,100,0,True,2024-07-18 11:09:32,R_9LWNEWYTZpmp70i,test,,"Yes, I am happy to take part",P6,Boy,March,8,2041,Fair,At no time,Some of the time,More than half of the time,Most of the time,Less than half of the time,3,9,4,5,4,10,4,7,5,10,2,"Never ","Always ","Always ","Always ",Prefer not to say,"Always ",Prefer not to say,Sometimes,"Always ",Sometimes,"Never ",Prefer not to say,Prefer not to say,"Always ","Never ","Always ",I like it a lot,A lot,Always,Very often,Prefer not to say,Prefer not to say,Almost never,Often,"Very often ",Prefer not to say,Almost never,Sometimes,Often,Often,Often,Sometimes,Prefer not to say,Almost never,Almost never,Almost never,Sometimes,Often,"Very often ",No,Prefer not to say,None,Once,More than two,Yes,Prefer not to say,,"Outdoor activities (playing, walking, cycling etc) ",,TestSchoolA,,
2024-07-18 11:09:32,2024-07-18 11:09:32,Survey Test,100,0,True,2024-07-18 11:09:32,R_a9MpI3v8GcCG4ya,test,,"Yes, I am happy to take part",Prefer not to say,In another way,January,26,2008,Prefer not to say,Prefer not to say,All of the time,More than half of the time,Most of the time,More than half of the time,7,Prefer not to say,7,4,4,8,3,7,3,9,0,"Never ",Prefer not to say,Prefer not to say,Prefer not to say,Prefer not to say,"Never ","Never ",Sometimes,"Never ",Sometimes,"Never ",Prefer not to say,Prefer not to say,"Never ","Always ",Prefer not to say,I don’t like it at all,A little,Often,Sometimes,Almost never,Sometimes,Sometimes,Almost never,"Very often ","Very often ",Sometimes,"Very often ","Very often ",Sometimes,Almost never,Almost never,Often,Often,"Very often ",Almost never,Often,Almost never,Sometimes,"Yes, two or more",Yes,Prefer not to say,Not at all,One,Prefer not to say,My postcode is:,EC1A 1HQ,"Creative arts (drama, dance, music) ",,TestSchoolA,,
2024-07-18 11:09:32,2024-07-18 11:09:32,Survey Test,100,0,True,2024-07-18 11:09:32,R_0HQVcRXB8Ff0E1U,test,,"No, I do not want to take part",,,,,,,,,,,,,,,,,,,,,,,,,,,,,,,,,,,,,,,,,,,,,,,,,,,,,,,,,,,,,,,,,,,,,,,,TestSchoolA,,
2024-07-18 11:09:32,2024-07-18 11:09:32,Survey Test,100,0,True,2024-07-18 11:09:32,R_3OcVN7Y03bUIuLc,test,,"No, I do not want to take part",,,,,,,,,,,,,,,,,,,,,,,,,,,,,,,,,,,,,,,,,,,,,,,,,,,,,,,,,,,,,,,,,,,,,,,,TestSchoolA,,
2024-07-18 11:09:32,2024-07-18 11:09:33,Survey Test,100,1,True,2024-07-18 11:09:33,R_3WxJmHQN9YMSBGm,test,,"Yes, I am happy to take part",P7,Boy,February,1,1993,Prefer not to say,Some of the time,All of the time,Most of the time,All of the time,At no time,4,3,1,10,Prefer not to say,4,3,10,9,4,7,Sometimes,Prefer not to say,Prefer not to say,"Always ","Never ",Prefer not to say,Sometimes,Sometimes,"Always ","Always ",Sometimes,Sometimes,"Never ",Prefer not to say,"Always ","Never ",I don’t like it at all,Some,Prefer not to say,Sometimes,Prefer not to say,Sometimes,Prefer not to say,Often,Often,Often,Sometimes,"Very often ",Often,Often,"Very often ",Almost never,"Very often ",Often,Almost never,Almost never,Prefer not to say,"Very often ",Often,"Yes, two or more",No,One,Prefer not to say,One,No,Prefer not to say,,"Watching TV ,Going on the internet ,Creative arts (drama, dance, music) ",,TestSchoolA,,
2024-07-18 11:09:33,2024-07-18 11:09:33,Survey Test,100,0,True,2024-07-18 11:09:33,R_dnJflHNUyy2Mt0i,test,,"No, I do not want to take part",,,,,,,,,,,,,,,,,,,,,,,,,,,,,,,,,,,,,,,,,,,,,,,,,,,,,,,,,,,,,,,,,,,,,,,,TestSchoolA,,
2024-07-18 11:09:33,2024-07-18 11:09:33,Survey Test,100,0,True,2024-07-18 11:09:33,R_09wmpKmvjxymTB4,test,,"No, I do not want to take part",,,,,,,,,,,,,,,,,,,,,,,,,,,,,,,,,,,,,,,,,,,,,,,,,,,,,,,,,,,,,,,,,,,,,,,,TestSchoolA,,
2024-07-18 11:09:33,2024-07-18 11:09:33,Survey Test,100,0,True,2024-07-18 11:09:33,R_25gsTULtJ6TDZtQ,test,,"No, I do not want to take part",,,,,,,,,,,,,,,,,,,,,,,,,,,,,,,,,,,,,,,,,,,,,,,,,,,,,,,,,,,,,,,,,,,,,,,,TestSchoolA,,
2024-07-18 11:09:33,2024-07-18 11:09:33,Survey Test,100,0,True,2024-07-18 11:09:34,R_6MqHi7RO0dze7Oe,test,,"No, I do not want to take part",,,,,,,,,,,,,,,,,,,,,,,,,,,,,,,,,,,,,,,,,,,,,,,,,,,,,,,,,,,,,,,,,,,,,,,,TestSchoolA,,
2024-07-18 11:09:34,2024-07-18 11:09:34,Survey Test,100,0,True,2024-07-18 11:09:34,R_3kfRS5KORFfN7YW,test,,"No, I do not want to take part",,,,,,,,,,,,,,,,,,,,,,,,,,,,,,,,,,,,,,,,,,,,,,,,,,,,,,,,,,,,,,,,,,,,,,,,TestSchoolA,,
2024-07-18 11:09:34,2024-07-18 11:09:34,Survey Test,100,0,True,2024-07-18 11:09:34,R_1XQpotxTQQmFxjM,test,,"Yes, I am happy to take part",P7,Girl,April,5,2030,Prefer not to say,Less than half of the time,At no time,Most of the time,Most of the time,Most of the time,8,7,10,6,8,0,9,8,Prefer not to say,3,8,Always,"Never ","Always ","Never ","Never ","Always ","Never ","Never ",Sometimes,"Always ",Sometimes,Sometimes,"Never ","Never ","Always ","Always ",I don’t like it very much,Not at all,Always,Very often,Prefer not to say,Prefer not to say,Sometimes,Prefer not to say,Often,"Very often ",Often,Often,Sometimes,Almost never,Almost never,Often,"Very often ",Often,Almost never,Prefer not to say,Often,Almost never,Often,Prefer not to say,Prefer not to say,Prefer not to say,More than twice,Two,Prefer not to say,My postcode is:,EC1A 1HQ,"Hanging out with friends ",,TestSchoolA,,
2024-07-18 11:09:34,2024-07-18 11:09:34,Survey Test,100,0,True,2024-07-18 11:09:35,R_ekOxTAHat1aiY5g,test,,"Yes, I am happy to take part",P7,In another way,December,4,1945,Fair,At no time,Some of the time,Most of the time,At no time,Prefer not to say,7,4,8,2,8,0,10,5,0,2,Prefer not to say,Always,Sometimes,Prefer not to say,Sometimes,"Never ",Sometimes,"Never ","Always ",Prefer not to say,Prefer not to say,Prefer not to say,"Always ",Prefer not to say,Prefer not to say,Sometimes,"Always ",I like it a bit,Some,Sometimes,Almost never,Often,Often,Prefer not to say,Often,"Very often ",Sometimes,"Very often ",Often,Sometimes,Prefer not to say,Prefer not to say,Often,Sometimes,"Very often ",Sometimes,"Very often ","Very often ",Almost never,Often,No,Yes,More than two,Prefer not to say,One,Yes,Prefer not to say,,"Hanging out with friends ,Watching TV ",,TestSchoolA,,
2024-07-18 11:09:35,2024-07-18 11:09:35,Survey Test,100,0,True,2024-07-18 11:09:35,R_0Vwc2ICiwWfmLvE,test,,"No, I do not want to take part",,,,,,,,,,,,,,,,,,,,,,,,,,,,,,,,,,,,,,,,,,,,,,,,,,,,,,,,,,,,,,,,,,,,,,,,TestSchoolA,,
2024-07-18 11:09:35,2024-07-18 11:09:35,Survey Test,100,0,True,2024-07-18 11:09:35,R_86BJkqc0fx11vCe,test,,"No, I do not want to take part",,,,,,,,,,,,,,,,,,,,,,,,,,,,,,,,,,,,,,,,,,,,,,,,,,,,,,,,,,,,,,,,,,,,,,,,TestSchoolA,,
2024-07-18 11:09:35,2024-07-18 11:09:35,Survey Test,100,0,True,2024-07-18 11:09:35,R_9vmQeSk2j2vUVo2,test,,"No, I do not want to take part",,,,,,,,,,,,,,,,,,,,,,,,,,,,,,,,,,,,,,,,,,,,,,,,,,,,,,,,,,,,,,,,,,,,,,,,TestSchoolA,,
2024-07-18 11:09:35,2024-07-18 11:09:35,Survey Test,100,0,True,2024-07-18 11:09:35,R_cZxYbiqwGCnFVYi,test,,"Yes, I am happy to take part",P7,In another way,July,7,1939,Good,All of the time,Less than half of the time,At no time,At no time,Most of the time,6,6,Prefer not to say,Prefer not to say,8,3,Prefer not to say,4,8,7,4,Sometimes,"Never ","Always ",Sometimes,Sometimes,"Never ",Prefer not to say,Sometimes,Prefer not to say,Prefer not to say,Sometimes,"Always ",Prefer not to say,Prefer not to say,Prefer not to say,Prefer not to say,I like it a bit,Not at all,Hardly ever,Almost never,"Very often ",Almost never,"Very often ",Almost never,Prefer not to say,"Very often ",Almost never,Prefer not to say,Almost never,"Very often ",Sometimes,Prefer not to say,Sometimes,Often,Often,Sometimes,Prefer not to say,Often,Almost never,"Yes, two or more",No,None,Not at all,Two,Prefer not to say,Don't know postcode,,"Hanging out with friends ",,TestSchoolA,,
2024-07-18 11:09:36,2024-07-18 11:09:36,Survey Test,100,0,True,2024-07-18 11:09:36,R_9tSfl3GpUK6GBRI,test,,"Yes, I am happy to take part",Prefer not to say,Boy,November,24,1981,Prefer not to say,Less than half of the time,Some of the time,Less than half of the time,Most of the time,Less than half of the time,Prefer not to say,7,7,8,9,5,7,1,0,Prefer not to say,0,Always,Sometimes,"Never ",Prefer not to say,Prefer not to say,Prefer not to say,"Always ","Never ","Never ",Sometimes,Sometimes,Sometimes,Sometimes,"Never ",Prefer not to say,"Always ",Prefer not to say,A little,Never,Almost never,"Very often ",Often,Sometimes,Often,Prefer not to say,Almost never,"Very often ",Sometimes,Almost never,Prefer not to say,Often,"Very often ",Almost never,Prefer not to say,Prefer not to say,"Very often ","Very often ",Almost never,Often,"Yes, two or more",Yes,One,Once,Prefer not to say,No,My postcode is:,EC1A 1HQ,"Hanging out with friends ,Reading ",,TestSchoolA,,
2024-07-18 11:09:36,2024-07-18 11:09:36,Survey Test,100,0,True,2024-07-18 11:09:36,R_bruCFyqIQbH9TXU,test,,"No, I do not want to take part",,,,,,,,,,,,,,,,,,,,,,,,,,,,,,,,,,,,,,,,,,,,,,,,,,,,,,,,,,,,,,,,,,,,,,,,TestSchoolA,,
2024-07-18 11:09:36,2024-07-18 11:09:36,Survey Test,100,0,True,2024-07-18 11:09:36,R_0BMCCn5nX9DqaqO,test,,"Yes, I am happy to take part",P6,Girl,August,26,1950,Good,Most of the time,Less than half of the time,Some of the time,More than half of the time,Prefer not to say,1,1,Prefer not to say,6,7,1,8,6,5,8,10,"Never ",Sometimes,"Never ",Prefer not to say,Sometimes,"Never ","Never ",Prefer not to say,Prefer not to say,"Always ","Never ",Sometimes,Sometimes,Sometimes,"Always ","Never ",I like it a bit,Some,Never,Often,Often,Prefer not to say,Often,Often,Sometimes,Sometimes,Prefer not to say,Often,Almost never,"Very often ",Often,Prefer not to say,Often,Often,"Very often ",Prefer not to say,Sometimes,Prefer not to say,Prefer not to say,Prefer not to say,Yes,One,Twice,One,Yes,Prefer not to say,,"Chatting/messaging friends on phone or computer ,Playing computer games ",,TestSchoolA,,
2024-07-18 11:09:36,2024-07-18 11:09:36,Survey Test,100,0,True,2024-07-18 11:09:37,R_0ONWaeZm9dqpcrQ,test,,"No, I do not want to take part",,,,,,,,,,,,,,,,,,,,,,,,,,,,,,,,,,,,,,,,,,,,,,,,,,,,,,,,,,,,,,,,,,,,,,,,TestSchoolA,,
2024-07-18 11:09:37,2024-07-18 11:09:37,Survey Test,100,0,True,2024-07-18 11:09:37,R_esSVbqsUptzvC86,test,,"No, I do not want to take part",,,,,,,,,,,,,,,,,,,,,,,,,,,,,,,,,,,,,,,,,,,,,,,,,,,,,,,,,,,,,,,,,,,,,,,,TestSchoolA,,
2024-07-18 11:09:37,2024-07-18 11:09:37,Survey Test,100,0,True,2024-07-18 11:09:37,R_1X4ijGkbH7i3u2a,test,,"Yes, I am happy to take part",Prefer not to say,In another way,February,11,2005,Fair,Prefer not to say,At no time,At no time,At no time,Some of the time,9,4,7,7,8,9,2,1,10,5,6,Prefer not to say,Prefer not to say,Prefer not to say,"Always ",Prefer not to say,Prefer not to say,Sometimes,Sometimes,Sometimes,Prefer not to say,"Never ","Always ",Prefer not to say,"Never ","Always ",Prefer not to say,I like it a lot,Prefer not to say,Hardly ever,Sometimes,Prefer not to say,"Very often ",Often,Prefer not to say,"Very often ",Sometimes,Often,Sometimes,Prefer not to say,Almost never,Sometimes,Often,Sometimes,"Very often ",Often,Almost never,Prefer not to say,"Very often ",Prefer not to say,"Yes, one",Prefer not to say,More than two,Once,Two,No,Prefer not to say,,"Creative arts (drama, dance, music) ",,TestSchoolA,,
2024-07-18 11:09:37,2024-07-18 11:09:37,Survey Test,100,0,True,2024-07-18 11:09:38,R_8dmlXUFcxpU1Ncy,test,,"Yes, I am happy to take part",Prefer not to say,Girl,May,26,2031,Fair,Some of the time,Less than half of the time,Some of the time,Some of the time,Some of the time,5,1,6,0,10,7,7,Prefer not to say,6,7,8,Prefer not to say,"Always ","Always ",Sometimes,Prefer not to say,"Always ","Never ",Sometimes,Sometimes,"Never ",Prefer not to say,"Never ",Sometimes,Prefer not to say,"Never ",Prefer not to say,I like it a lot,Not at all,Prefer not to say,Prefer not to say,Prefer not to say,Prefer not to say,Often,Prefer not to say,Often,Sometimes,Sometimes,Often,"Very often ",Prefer not to say,"Very often ",Sometimes,"Very often ",Almost never,Often,Almost never,Prefer not to say,Often,"Very often ",Prefer not to say,No,One,Once,One,Prefer not to say,Prefer not to say,,"Going on the internet ,Doing things with family ",,TestSchoolA,,
2024-07-18 11:09:38,2024-07-18 11:09:38,Survey Test,100,0,True,2024-07-18 11:09:38,R_0JtPjiJegBzjau2,test,,"No, I do not want to take part",,,,,,,,,,,,,,,,,,,,,,,,,,,,,,,,,,,,,,,,,,,,,,,,,,,,,,,,,,,,,,,,,,,,,,,,TestSchoolA,,
2024-07-18 11:09:38,2024-07-18 11:09:38,Survey Test,100,0,True,2024-07-18 11:09:38,R_5143TYk8idC4TXw,test,,"No, I do not want to take part",,,,,,,,,,,,,,,,,,,,,,,,,,,,,,,,,,,,,,,,,,,,,,,,,,,,,,,,,,,,,,,,,,,,,,,,TestSchoolA,,
2024-07-18 11:09:38,2024-07-18 11:09:38,Survey Test,100,0,True,2024-07-18 11:09:38,R_a59VIjL2Y3SKf6C,test,,"Yes, I am happy to take part",P7,In another way,September,23,1992,Fair,Less than half of the time,Most of the time,All of the time,Prefer not to say,Less than half of the time,9,8,8,6,8,4,9,4,3,7,0,Prefer not to say,"Never ","Never ",Sometimes,"Always ",Sometimes,"Always ",Prefer not to say,"Always ","Always ","Always ","Never ",Prefer not to say,"Always ","Never ",Prefer not to say,I like it a lot,Some,Always,Often,Sometimes,"Very often ",Often,Almost never,Almost never,Prefer not to say,Sometimes,Prefer not to say,Almost never,Sometimes,"Very often ",Sometimes,Often,Prefer not to say,Often,Often,Sometimes,Prefer not to say,Almost never,No,Yes,Prefer not to say,More than twice,Prefer not to say,Prefer not to say,Don't know postcode,,"Hanging out with friends ,Doing a physical activity or sport ,Watching TV ",,TestSchoolA,,
2024-07-18 11:09:38,2024-07-18 11:09:38,Survey Test,100,0,True,2024-07-18 11:09:38,R_0UqIo8Obrb4VPhA,test,,"No, I do not want to take part",,,,,,,,,,,,,,,,,,,,,,,,,,,,,,,,,,,,,,,,,,,,,,,,,,,,,,,,,,,,,,,,,,,,,,,,TestSchoolA,,
2024-07-18 11:09:39,2024-07-18 11:09:39,Survey Test,100,0,True,2024-07-18 11:09:39,R_9mBqZ2OsHK7rsKW,test,,"Yes, I am happy to take part",P6,Boy,February,31,2033,Good,At no time,Most of the time,At no time,At no time,Prefer not to say,4,4,8,4,0,8,7,Prefer not to say,10,3,7,Always,Prefer not to say,"Never ","Always ",Sometimes,Sometimes,Sometimes,"Never ","Always ","Always ","Always ","Never ",Sometimes,"Always ",Sometimes,"Always ",I don’t like it at all,A little,Prefer not to say,Almost never,"Very often ",Prefer not to say,Often,Sometimes,Often,Sometimes,Sometimes,Often,Often,Almost never,Prefer not to say,Often,Sometimes,Sometimes,Almost never,"Very often ","Very often ",Often,Often,Prefer not to say,Prefer not to say,Prefer not to say,Twice,One,Prefer not to say,Don't know postcode,,"Chatting/messaging friends on phone or computer ",,TestSchoolA,,
2024-07-18 11:09:39,2024-07-18 11:09:39,Survey Test,100,0,True,2024-07-18 11:09:39,R_83d6gWi0cIBAXbw,test,,"Yes, I am happy to take part",Prefer not to say,Boy,August,10,2009,Excellent,Some of the time,Less than half of the time,Less than half of the time,All of the time,Some of the time,1,5,Prefer not to say,1,10,6,3,6,9,7,7,Prefer not to say,"Never ",Prefer not to say,"Never ","Always ","Always ","Never ",Sometimes,Prefer not to say,"Always ",Sometimes,Prefer not to say,"Always ","Never ","Always ",Sometimes,I don’t like it at all,Not at all,Prefer not to say,Very often,Often,"Very often ","Very often ","Very often ",Sometimes,Almost never,"Very often ",Sometimes,Almost never,Sometimes,Almost never,Prefer not to say,Almost never,Almost never,Almost never,Prefer not to say,Often,Prefer not to say,Sometimes,Prefer not to say,No,More than two,Once,One,No,Don't know postcode,,Prefer not to say,,TestSchoolA,,
2024-07-18 11:09:39,2024-07-18 11:09:39,Survey Test,100,0,True,2024-07-18 11:09:39,R_85Pj552Z00mNBmC,test,,"No, I do not want to take part",,,,,,,,,,,,,,,,,,,,,,,,,,,,,,,,,,,,,,,,,,,,,,,,,,,,,,,,,,,,,,,,,,,,,,,,TestSchoolA,,
2024-07-18 11:09:39,2024-07-18 11:09:39,Survey Test,100,0,True,2024-07-18 11:09:40,R_bCoc4muSfCcIZgO,test,,"No, I do not want to take part",,,,,,,,,,,,,,,,,,,,,,,,,,,,,,,,,,,,,,,,,,,,,,,,,,,,,,,,,,,,,,,,,,,,,,,,TestSchoolA,,
2024-07-18 11:09:40,2024-07-18 11:09:40,Survey Test,100,0,True,2024-07-18 11:09:40,R_0Cel0OlWUojVh30,test,,"No, I do not want to take part",,,,,,,,,,,,,,,,,,,,,,,,,,,,,,,,,,,,,,,,,,,,,,,,,,,,,,,,,,,,,,,,,,,,,,,,TestSchoolA,,
2024-07-18 11:09:40,2024-07-18 11:09:40,Survey Test,100,0,True,2024-07-18 11:09:40,R_b2yc1fwJnQD9jxQ,test,,"No, I do not want to take part",,,,,,,,,,,,,,,,,,,,,,,,,,,,,,,,,,,,,,,,,,,,,,,,,,,,,,,,,,,,,,,,,,,,,,,,TestSchoolA,,
